"Hash","Path"
"B9FE37E22C1A86CE272F5CFE12EB0889E15E10E9F759C2A04ECCBF9C22B927E7","D:\Evidence\H10_Load_and_Log_Analysis.png"
"E3DCB6E25B6C73E2EEE1161AFF6BE724FC4017EE5404D035CA72FF139007EA39","D:\Evidence\H10_TLS_443.png"
"DAFCEF2413E384868AD064C8B2AFDC10BFF90E1953ECDBA8E1B22B5EAEEFA91A","D:\Evidence\H11_Maillog.png"
"F0CB5E2202FA3BF2F5CB4DB141A894D1B44D2C76757CCA8DCDC92C79C76F9FF9","D:\Evidence\H12_Phishing_Offline.png"
"0374C7CAABEAC6EA4E34C74C73608F000030557175C3613DE8331B88E654C303","D:\Evidence\H1_VM_WindowsVersion.png"
"4453B8479367F914B32D2E77BA4C0D3BD7E23159D93F1B3B7AE332D8B08CE088","D:\Evidence\H2_ToolVersion.png"
"5DDE50ADD77F78FC139FE5F1B0F43299308FD06B90CCA0B1C17764751BD85C2B","D:\Evidence\H3_Baseline_Defender_Firewall.png"
"36B8AB4A3086CD227CC8A60939DA08A2A71BCED47B49230F688C5717BBF65294","D:\Evidence\H4_ProtectionHistory_EICAR.png"
"972A5F0568C0A44D5BF1DE2330B4154FBFF5A9A1F74EE265DAC613C0513EA5D0","D:\Evidence\H5_Event4625.png"
"970E717BB36B78B17BA8BF8E82833055E8CEADF9BC1CE14F3A89B7B1FA1B2A65","D:\Evidence\H6_Sysmon_Event1.png"
"AAC5BDA01EA2BFA6F4A8A76D92EE946B59F571C7AF2B5DCB94921EC02CAC5587","D:\Evidence\H7_Autoruns_LAB3_Run_Demo.png"
"C6B0411A3A4723BAF4C23E832E72C9F9B2DC4C6FCAD4842348BE094ED401BB2A","D:\Evidence\H8_ProcessExplorer_Python.png"
"A10068541582BE6427D3395FAF9004B962B288478A48F610214CDDB9624DBDD6","D:\Evidence\H9_HTTP_Plaintext.png"
